{"chunk_definitions":[{"row":51,"row_count":1,"visible":true,"expansion_state":0,"options":{"engine":"r","label":"setup","include":false,"dev":"png"},"document_id":"AC659B29","chunk_id":"csetup_chunk","chunk_label":"setup"},{"row":273,"row_count":1,"visible":true,"expansion_state":0,"options":{"engine":"r","label":"unnamed-chunk-81","dev":"png"},"document_id":"AC659B29","chunk_id":"ckchjy32xnsm9","chunk_label":"unnamed-chunk-1"}],"doc_write_time":1725540442,"working_dir":null,"default_chunk_options":{},"chunk_rendered_width":680}