"0","# Load necessary libraries"
"0","library(dplyr)"
"0","library(ggplot2)"
"0",""
"0","# Create a data frame with counts of Species"
"0","x <- as.data.frame(table(iris$Species))"
"0",""
"0","# Create a pie chart using ggplot2"
"0","ggplot(x, aes(x = """", y = Freq, fill = Var1)) +"
"0","  geom_bar(stat = ""identity"", width = 1) +"
"0","  coord_polar(theta = ""y"") +"
"0","  labs(title = ""Pie Chart"") +"
"0","  theme_void() + "
"0","  scale_fill_brewer(palette = ""Pastel1"") +  "
"0","  theme(legend.title = element_blank(),"
"0","        plot.title = element_text(hjust = 0.5, face = ""bold""))"
"0",""
