{"chunk_definitions":[{"row":40,"row_count":1,"visible":true,"expansion_state":0,"options":{"engine":"r","message":false,"warning":false,"label":"unnamed-chunk-27","dev":"png"},"document_id":"879E544D","chunk_id":"cfs6wcpz6cfsk","chunk_label":"unnamed-chunk-1"},{"row":59,"row_count":1,"visible":true,"expansion_state":0,"options":{"engine":"r","label":"unnamed-chunk-21","dev":"png"},"document_id":"879E544D","chunk_id":"cy1f2dynszgvx","chunk_label":"unnamed-chunk-2"},{"row":79,"row_count":1,"visible":true,"expansion_state":0,"options":{"engine":"r","label":"unnamed-chunk-22","dev":"png"},"document_id":"879E544D","chunk_id":"cla4ysmyo72dv","chunk_label":"unnamed-chunk-3"},{"row":106,"row_count":1,"visible":true,"expansion_state":0,"options":{"engine":"r","label":"unnamed-chunk-24","dev":"png"},"document_id":"879E544D","chunk_id":"c2j80tmlreos1","chunk_label":"unnamed-chunk-5"}],"doc_write_time":1725545446,"chunk_rendered_width":700}